accuracy,ambiguous_f1,backbone,decision_threshold,delta_f1,detector_f1,ece,escalated_f1,escalation_rate,expected_response_cost,f1,false_alarm_rate_ambiguous,false_alarm_rate_near_fall,fn,fp,latency_escalated_ms,latency_mean_ms,latency_ms,latency_tier1_ms,missed_fall_rate,mode,n,n_d18,n_d19,n_escalated,n_near_fall,name,params,precision,recall,sensitivity,specificity,tau_high,tau_low,tn,tp
0.625,,,0.15799999999999997,,,,,,,0.7207743857036486,,,29,1471,,,0.2583973412401974,,,detector,4000,,,,,cnn1d,43330,0.5682418550044027,0.9852417302798983,0.9852417302798978,0.27714987714987704,,,564,1936
0.5845,,,0.14,,,,,,,0.6997832369942196,,,28,1634,,,2.407637380529195,,,detector,4000,,,,,lstm,201986,0.5424250910109213,0.9857506361323155,0.9857506361323151,0.19705159705159697,,,401,1937
0.568,,,0.068,,,,,,,0.6936170212765957,,,9,1719,,,1.010159458965063,,,detector,4000,,,,,cnn_lstm,86914,0.5322448979591837,0.9954198473282443,0.9954198473282438,0.15528255528255522,,,316,1956
0.5995,,,0.131,,,,,,,0.7096774193548387,,,7,1595,,,5.812136540189385,,,detector,4000,,,,,cnn_lstm_attn,564930,0.5510835913312694,0.9964376590330789,0.9964376590330785,0.21621621621621612,,,440,1958
0.63525,,,0.16699999999999998,,,,,,,0.72683018161393,,,24,1435,,,5.326743240002543,,,detector,4000,,,,,tcn,89282,0.5749407582938388,0.9877862595419847,0.9877862595419843,0.2948402948402947,,,600,1941
0.6525,,,0.149,,,,,,,0.7368421052631579,,,19,1371,,,1.856506960466504,,,detector,4000,,,,,modern_tcn,30314,0.5866747060596925,0.9903307888040712,0.9903307888040708,0.32628992628992615,,,664,1946
0.57525,,,0.15799999999999997,,,,,,,0.6946990116801438,,,32,1667,,,1.6099708992987871,,,detector,4000,,,,,tsmixer,224562,0.5369444444444444,0.9837150127226463,0.9837150127226458,0.18083538083538075,,,368,1933
0.5155,,,0.194,,,,,,,0.6689443115818244,,,7,1931,,,0.890078719239682,,,detector,4000,,,,,patchtst,150786,0.5034713293905888,0.9964376590330789,0.9964376590330785,0.05110565110565108,,,104,1958
0.53525,,,0.077,,,,,,,0.6775368603642671,,,12,1847,,,1.124172038398683,,,detector,4000,,,,,transformer,158722,0.5139473684210526,0.9938931297709923,0.9938931297709919,0.09238329238329235,,,188,1953
0.818,0.018018018018018018,modern_tcn,,0.05054107230693561,0.7368421052631579,0.053157481351867326,0.018018018018018018,0.448,1154.0,0.7873831775700935,0.13125,0.13125,108,74,61.2834639175292,34.522199690924026,,12.802912782374904,0.24269662921348314,agentic,,80,80,448,160,modern_tcn+agentic,,0.8199513381995134,0.7573033707865169,0.7573033707865151,0.866666666666665,0.55,0.11315789473684211,481,337
0.788,0.031496062992125984,tcn,,0.026658190479093236,0.72683018161393,0.061461975765763795,0.031496062992125984,0.472,1301.0,0.7534883720930232,0.18125,0.18125,121,91,61.35911342388974,36.17917365732137,,13.669833562964799,0.27191011235955054,agentic,,80,80,472,160,tcn+agentic,,0.7807228915662651,0.7280898876404495,0.7280898876404478,0.8360360360360345,0.55,0.13421052631578947,464,324
0.785,0.03278688524590164,cnn1d,,0.030094675710024665,0.7207743857036486,0.050805030093062635,0.03278688524590164,0.487,1304.0,0.7508690614136733,0.175,0.175,121,94,59.38708269849106,35.13154679490253,,12.105336297733698,0.27191011235955054,agentic,,80,80,487,160,cnn1d+agentic,,0.7751196172248804,0.7280898876404495,0.7280898876404478,0.8306306306306291,0.55,0.11315789473684211,461,324
