accuracy,ambiguous_f1,ece,escalation_rate,expected_response_cost,f1,false_alarm_rate_ambiguous,fn,fp,latency_escalated_ms,latency_mean_ms,latency_tier1_ms,missed_fall_rate,n,name,precision,recall,sensitivity,specificity,tn,tp
0.347,,,,,0.06714285714285714,,953,353,,,,,,threshold,0.1175,0.047,0.04699999999999995,0.6469999999999994,647,47
0.832,,,,,0.8057803468208092,,303,33,,,,,2000,cnn1d,0.9547945205479452,0.697,0.6969999999999993,0.966999999999999,967,697
0.809,,,,,0.7758215962441315,,339,43,,,,,2000,lstm,0.9389204545454546,0.661,0.6609999999999994,0.9569999999999991,957,661
0.8705,,,,,0.8583925642427556,,215,44,,,,,2000,cnn_lstm,0.9469240048250904,0.785,0.7849999999999991,0.9559999999999991,956,785
0.7015,,,,,0.5756929637526652,,595,2,,,,,2000,cnn_lstm_attn,0.995085995085995,0.405,0.4049999999999996,0.997999999999999,998,405
0.7015,nan,0.21532300082547584,0.0,5952.0,0.5756929637526652,nan,595,2,nan,9.862388873822056,9.862388873822056,0.595,,tier1_only,0.995085995085995,0.405,0.4049999999999996,0.997999999999999,998,405
0.7015,nan,0.21532300082547584,0.0175,5952.0,0.5756929637526652,nan,595,2,10.421053237015647,11.031848202692345,11.042727502335442,0.595,,gate_only,0.995085995085995,0.405,0.4049999999999996,0.997999999999999,998,405
0.697,nan,0.21532300082547584,0.0175,6051.0,0.5659025787965616,nan,605,1,66.01956034012672,11.840523743943777,10.875502735869272,0.605,,gate_knn,0.9974747474747475,0.395,0.3949999999999996,0.998999999999999,999,395
0.712,nan,0.21532300082547584,0.0175,5733.0,0.5972027972027972,nan,573,3,13178.643705233533,240.90493290056475,10.461748660537332,0.573,,gate_llm,0.9930232558139535,0.427,0.42699999999999955,0.996999999999999,997,427
0.713,nan,0.21532300082547584,0.0175,5731.0,0.5980392156862745,nan,573,1,17377.231729945303,314.4289084422635,10.511300934575802,0.573,,gate_knn_llm,0.9976635514018691,0.427,0.42699999999999955,0.998999999999999,999,427
