name,accuracy_mean,accuracy_std,ambiguous_f1_mean,ambiguous_f1_std,cost_per_1000_mean,cost_per_1000_std,decision_threshold_mean,decision_threshold_std,delta_f1_mean,delta_f1_std,detector_f1_mean,detector_f1_std,ece_mean,ece_std,escalated_f1_mean,escalated_f1_std,escalation_rate_mean,escalation_rate_std,expected_response_cost_mean,expected_response_cost_std,f1_mean,f1_std,false_alarm_rate_ambiguous_mean,false_alarm_rate_ambiguous_std,false_alarm_rate_near_fall_mean,false_alarm_rate_near_fall_std,fn_mean,fn_std,fp_mean,fp_std,latency_escalated_ms_mean,latency_escalated_ms_std,latency_mean_ms_mean,latency_mean_ms_std,latency_ms_mean,latency_ms_std,latency_tier1_ms_mean,latency_tier1_ms_std,missed_fall_rate_mean,missed_fall_rate_std,n_d18_mean,n_d18_std,n_d19_mean,n_d19_std,n_escalated_mean,n_escalated_std,n_folds,n_mean,n_near_fall_mean,n_near_fall_std,n_std,params_mean,params_std,precision_mean,precision_std,recall_mean,recall_std,sensitivity_mean,sensitivity_std,specificity_mean,specificity_std,tau_high_mean,tau_high_std,tau_low_mean,tau_low_std,tn_mean,tn_std,tp_mean,tp_std
cnn1d,0.621,0.005656854249492385,,,,,0.15799999999999997,0.0,,,,,,,,,,,,,0.7159134093738915,0.006874458651917198,,,,,56.5,38.890872965260115,1459.5,16.263455967290593,,,,,0.3042027505580336,0.06477863108733485,,,,,,,,,,,2,4000.0,,,0.0,43330.0,0.0,0.5668992053299842,0.0018987933790786124,0.9712902404573691,0.019730386122330912,0.9712902404573687,0.019730386122330912,0.2821002955419498,0.007000948829490489,,,,,573.5,13.435028842544403,1910.5,36.062445840513924
cnn1d+agentic,0.785,0.0,0.03278688524590164,0.0,1304.0,0.0,,,0.030094675710024665,0.0,0.7207743857036486,0.0,0.050805030093062635,0.0,0.03278688524590164,0.0,0.487,0.0,1304.0,0.0,0.7508690614136733,0.0,0.175,0.0,0.175,0.0,121.0,0.0,94.0,0.0,59.38708269849106,0.0,35.13154679490253,0.0,,,12.105336297733698,0.0,0.27191011235955054,0.0,80.0,0.0,80.0,0.0,487.0,0.0,1,1000.0,160.0,0.0,0.0,,,0.7751196172248804,0.0,0.7280898876404495,0.0,0.7280898876404478,0.0,0.8306306306306291,0.0,0.55,0.0,0.11315789473684211,0.0,461.0,0.0,324.0,0.0
cnn_lstm,0.583,0.021213203435596444,,,,,0.0815,0.01909188309203678,,,,,,,,,,,,,0.6976433900446058,0.005694145318835337,,,,,43.5,48.79036790187178,1624.5,133.64318164425748,,,,,0.997580960392952,0.01778868327497017,,,,,,,,,,,2,4000.0,,,0.0,86914.0,0.0,0.5425036240745933,0.014508029605083345,0.9779029150302978,0.024772683226927147,0.9779029150302974,0.024772683226927147,0.20097953465752572,0.06462528799156686,,,,,408.5,130.8147545195113,1923.5,45.96194077712559
cnn_lstm_attn,0.6011,0.022106701472630434,,,,,0.13279999999999997,0.03566090296108611,,,,,,,,,,,,,0.7071967467374223,0.00815790963573538,,,,,49.2,59.98916568848078,1546.4,135.92203647679798,,,,,4.610599892213941,1.4010273203175625,,,,,,,,,,,5,4000.0,,,0.0,564930.0,0.0,0.5552979264733093,0.015748212716638274,0.9750665673109398,0.0304688868307374,0.9750665673109393,0.0304688868307374,0.2362407274516433,0.06843490299158637,,,,,478.6,139.71506719033562,1925.8,62.19083533769265
cnn_lstm_attn+agentic,0.68825,0.0734455580685449,0.2980562562580407,0.20420356567237632,863.0,308.90451599159246,,,0.0017161612347944277,0.0227757968127083,0.7065765785830682,0.009282847761791585,0.07339417313551529,0.02433882783132074,0.2980562562580407,0.20420356567237632,0.49175,0.08412837412748055,863.0,308.90451599159246,0.7082927398178627,0.029972531277565134,0.490625,0.24165768661476505,0.490625,0.24165768661476505,61.25,41.867847647886876,250.5,113.66764417957,9647.413200494313,9063.434318595435,4959.110145855637,4333.489218215647,,,10.747452887905572,2.055344274637264,0.14126974077537116,0.09684896198569351,80.0,0.0,80.0,0.0,491.75,84.12837412748051,4,1000.0,160.0,0.0,0.0,,,0.6190730403173175,0.11202612511177906,0.8587302592246289,0.09684896198569345,0.8587302592246268,0.0968489619856933,0.5570694795176693,0.20178490208081776,0.5605263157894738,0.02105263157894738,0.12368421052631579,0.06545529160062326,315.5,114.97680925589589,372.75,42.83592728851176
lstm,0.598125,0.019268659787333418,,,,,0.1265,0.019091883092036792,,,,,,,,,,,,,0.7030219381490863,0.004580215097685951,,,,,65.0,52.32590180780452,1542.5,129.4005409571382,,,,,2.235290569951758,0.24373519695035858,,,,,,,,,,,2,4000.0,,,0.0,201986.0,0.0,0.5525567287483781,0.01432829949736245,0.9669738452373107,0.02655439234155956,0.9669738452373102,0.02655439234155956,0.24131260305558672,0.0625945149751193,,,,,490.5,126.572113832392,1902.0,49.49747468305833
modern_tcn,0.657,0.006363961030678934,,,,,0.14450000000000002,0.006363961030678914,,,,,,,,,,,,,0.735205783052673,0.002314109062480033,,,,,62.0,60.81118318204309,1310.0,86.2670273047588,,,,,1.8501295300666243,0.009019048564600503,,,,,,,,,,,2,4000.0,,,0.0,30314.0,0.0,0.5927270093099619,0.008559249340125747,0.9685021135488106,0.030870408594627537,0.9685021135488101,0.030870408594627537,0.3556609651144361,0.041536921446608775,,,,,723.0,83.43860018001261,1905.0,57.982756057296896
modern_tcn+agentic,0.8115,0.009192388155425047,0.009009009009009009,0.012740662724081937,1277.5,174.65537495307723,,,0.03553498606024258,0.021221810688213657,0.735205783052673,0.002314109062480033,0.06025639993650839,0.010039386940581799,0.009009009009009009,0.012740662724081937,0.42000000000000004,0.03959797974644665,1277.5,174.65537495307723,0.7707407691129156,0.02353591975069369,0.115625,0.02209708691207961,0.115625,0.02209708691207961,121.0,18.384776310850235,67.5,9.192388155425117,52.43480224336444,12.51389734845482,29.689576177217532,6.834361714926844,,,12.79223399018808,0.015102092740367978,0.27608272569219194,0.0472150704348866,80.0,0.0,80.0,0.0,420.0,39.59797974644666,2,1000.0,160.0,0.0,0.0,,,0.8252534468775345,0.007498314001633538,0.7239172743078082,0.047215070434886576,0.7239172743078064,0.0472150704348865,0.8795414462081113,0.018207687840076908,0.55,0.0,0.13421052631578947,0.02977291710259146,493.5,17.67766952966369,318.0,26.870057685088806
patchtst,0.5217499999999999,0.00883883476483189,,,,,0.17149999999999999,0.03181980515339465,,,,,,,,,,,,,0.6717135351012571,0.003916273458424131,,,,,10.0,4.242640687119285,1903.0,39.59797974644666,,,,,1.0937869595363736,0.2880869561947388,,,,,,,,,,,2,4000.0,,,0.0,150786.0,0.0,0.5070214908503453,0.005020686485001917,0.9949176614109021,0.0021496012520572936,0.9949176614109017,0.002149601252057372,0.06395755228842374,0.01817533295495593,,,,,130.0,36.76955262170047,1957.0,1.4142135623730951
tcn,0.626625,0.012197591975467936,,,,,0.1535,0.01909188309203676,,,,,,,,,,,,,0.7207180418715895,0.008643870918737428,,,,,40.0,22.627416997969522,1453.5,26.16295090390226,,,,,5.669758340809494,0.4850966076599652,,,,,,,,,,,2,4000.0,,,0.0,89282.0,0.0,0.5700405416284556,0.006929952866751592,0.9796727133159391,0.011474287111814883,0.9796727133159386,0.011474287111814883,0.2850370848893743,0.01386383246738256,,,,,579.5,28.991378028648448,1927.0,19.79898987322333
tcn+agentic,0.777,0.01555634918610406,0.015748031496062992,0.022271079722410943,1406.5,149.19953083036154,,,0.012643791233745594,0.019819353481281905,0.7207180418715895,0.008643870918737428,0.06557382699410665,0.005815035773582925,0.015748031496062992,0.022271079722410943,0.4745,0.0035355339059327407,1406.5,149.19953083036154,0.7333618331053351,0.028463224400019332,0.17812499999999998,0.004419417382415926,0.17812499999999998,0.004419417382415926,131.5,14.849242404917497,91.5,0.7071067811865476,53.07937037760477,11.70932490902053,32.410025959368795,5.330379793031863,,,13.786595581077691,0.16512642958530627,0.2999273425539092,0.03962234692099102,80.0,0.0,80.0,0.0,474.5,3.5355339059327378,2,1000.0,160.0,0.0,0.0,,,0.7702570071408349,0.014800995696672696,0.7000726574460907,0.039622346920991064,0.7000726574460892,0.03962234692099098,0.8368892702226021,0.001206655358524162,0.5710526315789475,0.02977291710259149,0.13421052631578947,0.0,469.5,7.7781745930520225,307.5,23.33452377915607
transformer,0.55925,0.033941125496954314,,,,,0.0995,0.03181980515339464,,,,,,,,,,,,,0.6856359664672704,0.011453865693966043,,,,,46.5,48.79036790187178,1716.5,184.55486988968892,,,,,1.1022294696886092,0.03103147826308992,,,,,,,,,,,2,4000.0,,,0.0,158722.0,0.0,0.5287065569796685,0.02087264462921643,0.976377748227294,0.02477049012923754,0.9763777482272935,0.02477049012923754,0.15574359104639748,0.08960499368537317,,,,,316.5,181.7264427649427,1920.5,45.96194077712559
tsmixer,0.569125,0.008662058069535274,,,,,0.13099999999999998,0.03818376618407355,,,,,,,,,,,,,0.6919441004346665,0.0038960328464881975,,,,,31.5,0.7071067811865476,1692.0,35.35533905932738,,,,,1.6708192799706012,0.08605260519452038,,,,,,,,,,,2,4000.0,,,0.0,224562.0,0.0,0.5335885012919896,0.0047460203207546955,0.9839854901094186,0.00038251278868865887,0.9839854901094182,0.00038251278868865887,0.16771951218036885,0.018548639334222027,,,,,341.0,38.18376618407357,1935.5,3.5355339059327378
