accuracy,ambiguous_f1,backbone,delta_f1,detector_f1,ece,escalation_rate,expected_response_cost,f1,false_alarm_rate_ambiguous,fn,fp,latency_escalated_ms,latency_mean_ms,latency_ms,latency_tier1_ms,missed_fall_rate,mode,n,name,params,precision,recall,sensitivity,specificity,tn,tp
0.82575,,,,,,,,0.8362696734789759,,220,477,,,0.35832477966323495,,,detector,4000,cnn1d,43330,0.7886575099689854,0.89,0.8899999999999996,0.7614999999999996,1523,1780
0.7955,,,,,,,,0.8089677720691266,,268,550,,,1.654208260588348,,,detector,4000,lstm,201986,0.7589833479404031,0.866,0.8659999999999997,0.7249999999999996,1450,1732
0.80775,,,,,,,,0.8293765254049257,,131,638,,,0.9203173592686653,,,detector,4000,cnn_lstm,86914,0.7455125648185081,0.9345,0.9344999999999996,0.6809999999999997,1362,1869
0.82925,,,,,,,,0.8420078649086282,,180,503,,,3.730679959990084,,,detector,4000,cnn_lstm_attn,564930,0.7834696513129574,0.91,0.9099999999999996,0.7484999999999996,1497,1820
0.8285,,,,,,,,0.841789667896679,,175,511,,,4.483681479468942,,,detector,4000,tcn,89282,0.78125,0.9125,0.9124999999999995,0.7444999999999996,1489,1825
0.82125,,,,,,,,0.8299643281807372,,255,460,,,2.5219634012319148,,,detector,4000,modern_tcn,30314,0.7913832199546486,0.8725,0.8724999999999996,0.7699999999999997,1540,1745
0.81775,,,,,,,,0.8282685512367491,,242,487,,,1.342941178008914,,,detector,4000,tsmixer,224562,0.7830734966592428,0.879,0.8789999999999996,0.7564999999999996,1513,1758
0.7815,,,,,,,,0.7952202436738519,,303,571,,,0.9459419595077634,,,detector,4000,patchtst,150786,0.7482363315696648,0.8485,0.8484999999999996,0.7144999999999997,1429,1697
0.79575,,,,,,,,0.8061684460260973,,301,516,,,1.330261081457138,,,detector,4000,transformer,158722,0.7670428893905192,0.8495,0.8494999999999996,0.7419999999999997,1484,1699
0.826,nan,cnn_lstm_attn,-0.009315557216320491,0.8420078649086282,0.057058283805847175,0.2,777.0,0.8326923076923077,nan,67,107,51.132403163355775,17.428191574523225,,9.002138677315088,0.134,agentic,,cnn_lstm_attn+agentic,,0.8018518518518518,0.866,0.8659999999999982,0.7859999999999984,393,433
0.831,nan,tcn,-0.01198100727230833,0.841789667896679,0.07900297812232748,0.234,961.0,0.8298086606243706,nan,88,81,54.63621563389579,21.908396505052224,,11.91060319415223,0.176,agentic,,tcn+agentic,,0.8356997971602435,0.824,0.8239999999999983,0.8379999999999983,419,412
0.831,nan,cnn1d,-0.003100867950841635,0.8362696734789759,0.06357507842825726,0.222,871.0,0.8331688055281342,nan,78,91,51.31842259701492,17.2426845645532,,7.519273455033275,0.156,agentic,,cnn1d+agentic,,0.8226120857699805,0.844,0.8439999999999983,0.8179999999999983,409,422
