accuracy,agreement_with_heuristic,ambiguous_f1,backbone,backend,comparable_ablation_mode,decision_threshold,delta_f1,detector_f1,ece,escalated_f1,escalation_rate,expected_response_cost,f1,false_alarm_rate_ambiguous,false_alarm_rate_near_fall,fn,fp,latency_escalated_ms,latency_mean_ms,latency_ms,latency_tier1_ms,max_test,missed_fall_rate,mode,model,model_name,n,n_d18,n_d19,n_escalated,n_near_fall,name,params,precision,protocol_tag,recall,sensitivity,source_file,specificity,tau_high,tau_low,tn,tp
0.804,,,,,,,,,,,,,0.7736720554272517,,,94,102,,,,,,,,,,1000,,,,,cnn_lstm_attn,,0.7665903890160183,,0.7808857808857809,0.780885780885779,ablation_fold0.json,0.8213660245183874,,,469,335
0.804,,0.0,,,,,,,0.0890850057974458,0.0,0.0,1042.0,0.7736720554272517,0.19375,0.19375,94,102,0.0,6.909645652864128,,6.909645652864128,1000,0.2191142191142191,,,,,80,80,0,160,tier1_only,,0.7665903890160183,fast_1000_no_gate_llm,0.7808857808857809,0.780885780885779,ablation_fold0.json,0.8213660245183874,,,469,335
0.804,,0.2,,,,,,,0.0890850057974458,0.2,0.443,1042.0,0.7736720554272517,0.19375,0.19375,94,102,6.807121282924832,6.80702606018167,,6.8069503264739115,1000,0.2191142191142191,,,,,80,80,443,160,gate_only,,0.7665903890160183,fast_1000_no_gate_llm,0.7808857808857809,0.780885780885779,ablation_fold0.json,0.8213660245183874,,,469,335
0.807,,0.0380952380952381,,,,,,,0.0890850057974458,0.0380952380952381,0.443,1138.0,0.7705112960760999,0.16875,0.16875,105,88,50.02149443944147,26.71831706876401,,8.18455122458068,1000,0.24475524475524477,,,,,80,80,443,160,gate_knn,,0.7864077669902912,fast_1000_no_gate_llm,0.7552447552447552,0.7552447552447534,ablation_fold0.json,0.845884413309981,,,483,324
0.898,,0.9528301886792453,,,,,,,0.0890850057974458,0.9528301886792453,0.443,156.0,0.8924050632911392,0.175,0.175,6,96,11480.902034923083,5090.869043930201,,8.670453248249578,1000,0.013986013986013986,,,,,80,80,443,160,gate_knn_llm,,0.815028901734104,fast_1000_no_gate_llm,0.986013986013986,0.9860139860139837,ablation_fold0.json,0.8318739054290704,,,475,423
0.767,,,,,,,,,,,,,0.7373167981961668,,,110,123,,,,,,,,,,1000,,,,,cnn_lstm_attn,,0.7266666666666667,,0.7482837528604119,0.7482837528604102,ablation_fold1.json,0.7815275310834799,,,440,327
0.767,,0.0,,,,,,,0.07803921498358252,0.0,0.0,1223.0,0.7373167981961668,0.25,0.25,110,123,0.0,6.264279167051427,,6.264279167051427,1000,0.2517162471395881,,,,,80,80,0,160,tier1_only,,0.7266666666666667,fast_1000_no_gate_llm,0.7482837528604119,0.7482837528604102,ablation_fold1.json,0.7815275310834799,,,440,327
0.767,,0.23357664233576642,,,,,,,0.07803921498358252,0.23357664233576642,0.349,1223.0,0.7373167981961668,0.25,0.25,110,123,6.307948757640825,6.310751935467124,,6.312254714363251,1000,0.2517162471395881,,,,,80,80,349,160,gate_only,,0.7266666666666667,fast_1000_no_gate_llm,0.7482837528604119,0.7482837528604102,ablation_fold1.json,0.7815275310834799,,,440,327
0.785,,0.02247191011235955,,,,,,,0.07803921498358252,0.02247191011235955,0.349,1340.0,0.7437425506555423,0.15625,0.15625,125,90,43.80391647686974,19.6133706883993,,6.6448599661624606,1000,0.28604118993135014,,,,,80,80,349,160,gate_knn,,0.7761194029850746,fast_1000_no_gate_llm,0.7139588100686499,0.7139588100686483,ablation_fold1.json,0.8401420959147409,,,473,312
0.861,,0.9405405405405406,,,,,,,0.07803921498358252,0.9405405405405406,0.349,490.0,0.8513368983957219,0.15,0.15,39,100,10697.848370818443,3738.6562034428352,,7.845041516434384,1000,0.08924485125858124,,,,,80,80,349,160,gate_knn_llm,,0.7991967871485943,fast_1000_no_gate_llm,0.9107551487414187,0.9107551487414166,ablation_fold1.json,0.8223801065719346,,,463,398
0.78,,,,,,,,,,,,,0.755011135857461,,,94,126,,,,,,,,,,1000,,,,,cnn_lstm_attn,,0.7290322580645161,,0.7829099307159353,0.7829099307159335,ablation_fold2.json,0.7777777777777763,,,441,339
0.78,,0.0,,,,,,,0.09634639043360949,0.0,0.0,1066.0,0.755011135857461,0.2125,0.2125,94,126,0.0,8.649788253824227,,8.649788253824227,1000,0.21709006928406466,,,,,80,80,0,160,tier1_only,,0.7290322580645161,fast_1000_no_gate_llm,0.7829099307159353,0.7829099307159335,ablation_fold2.json,0.7777777777777763,,,441,339
0.78,,0.24285714285714285,,,,,,,0.09634639043360949,0.24285714285714285,0.46,1066.0,0.755011135857461,0.2125,0.2125,94,126,8.544377918587998,8.65966358827427,,8.757869899488503,1000,0.21709006928406466,,,,,80,80,460,160,gate_only,,0.7290322580645161,fast_1000_no_gate_llm,0.7829099307159353,0.7829099307159335,ablation_fold2.json,0.7777777777777763,,,441,339
0.776,,0.017857142857142856,,,,,,,0.09634639043360949,0.017857142857142856,0.46,1214.0,0.7425287356321839,0.1875,0.1875,110,114,52.11566312658682,28.950712599093094,,9.217606594191036,1000,0.2540415704387991,,,,,80,80,460,160,gate_knn,,0.7391304347826086,fast_1000_no_gate_llm,0.745958429561201,0.7459584295611992,ablation_fold2.json,0.7989417989417975,,,453,323
0.875,,0.9523809523809523,,,,,,,0.09634639043360949,0.9523809523809523,0.46,134.0,0.8736097067745198,0.2,0.2,1,124,27530.53898162274,12669.351750037053,,9.821886093683403,1000,0.0023094688221709007,,,,,80,80,460,160,gate_knn_llm,,0.7769784172661871,fast_1000_no_gate_llm,0.9976905311778291,0.9976905311778267,ablation_fold2.json,0.7813051146384465,,,443,432
0.805,,,,,,,,,,,,,0.7664670658682635,,,117,78,,,,,,,,,,1000,,,,,cnn_lstm_attn,,0.8040201005025126,,0.7322654462242563,0.7322654462242546,ablation_fold3.json,0.8614564831261086,,,485,320
0.805,,0.0,,,,,,,0.05398380513489245,0.0,0.0,1248.0,0.7664670658682635,0.1375,0.1375,117,78,0.0,6.25783458724618,,6.25783458724618,1000,0.26773455377574373,,,,,80,80,0,160,tier1_only,,0.8040201005025126,fast_1000_no_gate_llm,0.7322654462242563,0.7322654462242546,ablation_fold3.json,0.8614564831261086,,,485,320
0.805,,0.3015075376884422,,,,,,,0.05398380513489245,0.3015075376884422,0.544,1248.0,0.7664670658682635,0.1375,0.1375,117,78,6.358635248034261,6.3766020010225475,,6.398036022131381,1000,0.26773455377574373,,,,,80,80,544,160,gate_only,,0.8040201005025126,fast_1000_no_gate_llm,0.7322654462242563,0.7322654462242546,ablation_fold3.json,0.8614564831261086,,,485,320
0.802,,0.05333333333333334,,,,,,,0.05398380513489245,0.05333333333333334,0.544,1485.0,0.7480916030534351,0.08125,0.08125,143,55,43.274204951183705,26.686145947081968,,6.8968825737676145,1000,0.32723112128146453,,,,,80,80,544,160,gate_knn,,0.8424068767908309,fast_1000_no_gate_llm,0.6727688787185355,0.6727688787185339,ablation_fold3.json,0.9023090586145632,,,508,294
0.935,,0.9698996655518395,,,,,,,0.05398380513489245,0.9698996655518395,0.544,83.0,0.93048128342246,0.08125,0.08125,2,63,11032.522352053682,6005.503212008625,,8.35757125312005,1000,0.004576659038901602,,,,,80,80,544,160,gate_knn_llm,,0.8734939759036144,fast_1000_no_gate_llm,0.9954233409610984,0.9954233409610961,ablation_fold3.json,0.8880994671403181,,,500,435
0.797,,,,,,,,,,,,,0.7603305785123967,,,108,95,,,,,,,,,,1000,,,,,cnn_lstm_attn,,0.7721822541966427,,0.7488372093023256,0.7488372093023238,ablation_fold4.json,0.8333333333333318,,,475,322
0.797,,0.0,,,,,,,0.07211900928802786,0.0,0.0,1175.0,0.7603305785123967,0.16875,0.16875,108,95,0.0,6.254744870471768,,6.254744870471768,1000,0.25116279069767444,,,,,80,80,0,160,tier1_only,,0.7721822541966427,fast_1000_no_gate_llm,0.7488372093023256,0.7488372093023238,ablation_fold4.json,0.8333333333333318,,,475,322
0.797,,0.14492753623188406,,,,,,,0.07211900928802786,0.14492753623188406,0.546,1175.0,0.7603305785123967,0.16875,0.16875,108,95,6.205464845895085,6.20498679461889,,6.2044118695158,1000,0.25116279069767444,,,,,80,80,546,160,gate_only,,0.7721822541966427,fast_1000_no_gate_llm,0.7488372093023256,0.7488372093023238,ablation_fold4.json,0.8333333333333318,,,475,322
0.8,,0.017094017094017096,,,,,,,0.07211900928802786,0.017094017094017096,0.546,1253.0,0.7578692493946732,0.14375,0.14375,117,83,45.913556103267105,28.36822376528289,,7.267449631936241,1000,0.27209302325581397,,,,,80,80,546,160,gate_knn,,0.7904040404040404,fast_1000_no_gate_llm,0.727906976744186,0.7279069767441844,ablation_fold4.json,0.8543859649122791,,,487,313
0.891,,0.905511811023622,,,,,,,0.07211900928802786,0.905511811023622,0.546,136.0,0.8868120456905504,0.175,0.175,3,106,10781.452244262795,5890.449420424411,,8.318271050496348,1000,0.0069767441860465115,,,,,80,80,546,160,gate_knn_llm,,0.801125703564728,fast_1000_no_gate_llm,0.9930232558139535,0.9930232558139511,ablation_fold4.json,0.8140350877192968,,,464,427
0.898,,0.9528301886792453,,ollama,gate_knn_llm,,,,0.0890850057974458,0.9528301886792453,0.443,156.0,0.8924050632911392,0.175,0.175,6,96,12807.761530125405,5678.8280094166985,,8.958081815339947,,0.013986013986013986,,cnn_lstm_attn,,1000,80,80,443,160,agentic_fold0,,0.815028901734104,,0.986013986013986,0.9860139860139837,agentic_fold0.json,0.8318739054290704,0.55,0.15526315789473683,475,423
0.86,,0.9354838709677419,,ollama,gate_knn_llm,,,,0.07803921498358252,0.9354838709677419,0.349,491.0,0.8504273504273504,0.15625,0.15625,39,101,10662.714286217997,3726.5543305911124,,8.090698465486035,,0.08924485125858124,,cnn_lstm_attn,,1000,80,80,349,160,agentic_fold1,,0.7975951903807615,,0.9107551487414187,0.9107551487414166,agentic_fold1.json,0.8206039076376539,0.55,0.19736842105263158,462,398
0.875,,0.9523809523809523,,ollama,gate_knn_llm,,,,0.09634639043360949,0.9523809523809523,0.46,134.0,0.8736097067745198,0.2,0.2,1,124,22850.688175236774,10515.918739352956,,8.5225532297045,,0.0023094688221709007,,cnn_lstm_attn,,1000,80,80,460,160,agentic_fold2,,0.7769784172661871,,0.9976905311778291,0.9976905311778267,agentic_fold2.json,0.7813051146384465,0.55,0.15526315789473683,443,432
0.936,,0.9731543624161074,,ollama,gate_knn_llm,,,,0.05398380513489245,0.9731543624161074,0.544,82.0,0.9314775160599572,0.08125,0.08125,2,62,10996.354638160163,5985.8273906382965,,8.356288331509731,,0.004576659038901602,,cnn_lstm_attn,,1000,80,80,544,160,agentic_fold3,,0.8752515090543259,,0.9954233409610984,0.9954233409610961,agentic_fold3.json,0.8898756660745988,0.5921052631578948,0.09210526315789475,501,435
0.889,,0.8984375,,ollama,gate_knn_llm,,,,0.07211900928802786,0.8984375,0.546,138.0,0.8849740932642487,0.175,0.175,3,108,10856.435855404532,5931.651945752208,,8.894204187959778,,0.0069767441860465115,,cnn_lstm_attn,,1000,80,80,546,160,agentic_fold4,,0.7981308411214953,,0.9930232558139535,0.9930232558139511,agentic_fold4.json,0.8105263157894722,0.55,0.05,462,427
0.625,,,,,,0.15799999999999997,,,,,,,0.7207743857036486,,,29,1471,,,0.2583973412401974,,,,detector,,,4000,,,,,cnn1d,43330,0.5682418550044027,,0.9852417302798983,0.9852417302798978,backbone_compare_fold0.json,0.27714987714987704,,,564,1936
0.5845,,,,,,0.14,,,,,,,0.6997832369942196,,,28,1634,,,2.407637380529195,,,,detector,,,4000,,,,,lstm,201986,0.5424250910109213,,0.9857506361323155,0.9857506361323151,backbone_compare_fold0.json,0.19705159705159697,,,401,1937
0.568,,,,,,0.068,,,,,,,0.6936170212765957,,,9,1719,,,1.010159458965063,,,,detector,,,4000,,,,,cnn_lstm,86914,0.5322448979591837,,0.9954198473282443,0.9954198473282438,backbone_compare_fold0.json,0.15528255528255522,,,316,1956
0.5995,,,,,,0.131,,,,,,,0.7096774193548387,,,7,1595,,,5.812136540189385,,,,detector,,,4000,,,,,cnn_lstm_attn,564930,0.5510835913312694,,0.9964376590330789,0.9964376590330785,backbone_compare_fold0.json,0.21621621621621612,,,440,1958
0.63525,,,,,,0.16699999999999998,,,,,,,0.72683018161393,,,24,1435,,,5.326743240002543,,,,detector,,,4000,,,,,tcn,89282,0.5749407582938388,,0.9877862595419847,0.9877862595419843,backbone_compare_fold0.json,0.2948402948402947,,,600,1941
0.6525,,,,,,0.149,,,,,,,0.7368421052631579,,,19,1371,,,1.856506960466504,,,,detector,,,4000,,,,,modern_tcn,30314,0.5866747060596925,,0.9903307888040712,0.9903307888040708,backbone_compare_fold0.json,0.32628992628992615,,,664,1946
0.57525,,,,,,0.15799999999999997,,,,,,,0.6946990116801438,,,32,1667,,,1.6099708992987871,,,,detector,,,4000,,,,,tsmixer,224562,0.5369444444444444,,0.9837150127226463,0.9837150127226458,backbone_compare_fold0.json,0.18083538083538075,,,368,1933
0.5155,,,,,,0.194,,,,,,,0.6689443115818244,,,7,1931,,,0.890078719239682,,,,detector,,,4000,,,,,patchtst,150786,0.5034713293905888,,0.9964376590330789,0.9964376590330785,backbone_compare_fold0.json,0.05110565110565108,,,104,1958
0.53525,,,,,,0.077,,,,,,,0.6775368603642671,,,12,1847,,,1.124172038398683,,,,detector,,,4000,,,,,transformer,158722,0.5139473684210526,,0.9938931297709923,0.9938931297709919,backbone_compare_fold0.json,0.09238329238329235,,,188,1953
0.818,,0.018018018018018018,modern_tcn,,,,0.05054107230693561,0.7368421052631579,0.053157481351867326,0.018018018018018018,0.448,1154.0,0.7873831775700935,0.13125,0.13125,108,74,61.2834639175292,34.522199690924026,,12.802912782374904,,0.24269662921348314,agentic,,,,80,80,448,160,modern_tcn+agentic,,0.8199513381995134,,0.7573033707865169,0.7573033707865151,backbone_compare_fold0.json,0.866666666666665,0.55,0.11315789473684211,481,337
0.788,,0.031496062992125984,tcn,,,,0.026658190479093236,0.72683018161393,0.061461975765763795,0.031496062992125984,0.472,1301.0,0.7534883720930232,0.18125,0.18125,121,91,61.35911342388974,36.17917365732137,,13.669833562964799,,0.27191011235955054,agentic,,,,80,80,472,160,tcn+agentic,,0.7807228915662651,,0.7280898876404495,0.7280898876404478,backbone_compare_fold0.json,0.8360360360360345,0.55,0.13421052631578947,464,324
0.785,,0.03278688524590164,cnn1d,,,,0.030094675710024665,0.7207743857036486,0.050805030093062635,0.03278688524590164,0.487,1304.0,0.7508690614136733,0.175,0.175,121,94,59.38708269849106,35.13154679490253,,12.105336297733698,,0.27191011235955054,agentic,,,,80,80,487,160,cnn1d+agentic,,0.7751196172248804,,0.7280898876404495,0.7280898876404478,backbone_compare_fold0.json,0.8306306306306291,0.55,0.11315789473684211,461,324
0.617,,,,,,0.15799999999999997,,,,,,,0.7110524330441342,,,84,1448,,,0.35000815987586975,,,,detector,,,4000,,,,,cnn1d,43330,0.5655565556555655,,0.95733875063484,0.9573387506348395,backbone_compare_fold1.json,0.28705071393402254,,,583,1885
0.61175,,,,,,0.113,,,,,,,0.7062606393039531,,,102,1451,,,2.0629437593743205,,,,detector,,,4000,,,,,lstm,201986,0.5626883664858349,,0.9481970543423057,0.9481970543423053,backbone_compare_fold1.json,0.28557360905957646,,,580,1867
0.598,,,,,,0.095,,,,,,,0.701669758812616,,,78,1530,,,0.9850024618208408,,,,detector,,,4000,,,,,cnn_lstm,86914,0.552762350190003,,0.9603859827323514,0.960385982732351,backbone_compare_fold1.json,0.24667651403249619,,,501,1891
0.63375,,,,,,0.176,,,,,,,0.7129139721732314,,,150,1315,,,5.645264461636543,,,,detector,,,4000,,,,,cnn_lstm_attn,564930,0.5804084237396299,,0.9238191975622143,0.9238191975622139,backbone_compare_fold1.json,0.3525356967011323,,,716,1819
0.618,,,,,,0.14,,,,,,,0.7146059021292491,,,56,1472,,,6.012773441616446,,,,detector,,,4000,,,,,tcn,89282,0.5651403249630724,,0.9715591670898933,0.9715591670898929,backbone_compare_fold1.json,0.27523387493845386,,,559,1913
0.6615,,,,,,0.14,,,,,,,0.7335694608421881,,,105,1249,,,1.8437520996667445,,,,detector,,,4000,,,,,modern_tcn,30314,0.5987793125602313,,0.94667343829355,0.9466734382935496,backbone_compare_fold1.json,0.38503200393894615,,,782,1864
0.563,,,,,,0.104,,,,,,,0.6891891891891891,,,31,1717,,,1.7316676606424153,,,,detector,,,4000,,,,,tsmixer,224562,0.5302325581395348,,0.9842559674961909,0.9842559674961905,backbone_compare_fold1.json,0.1546036435253569,,,314,1938
0.528,,,,,,0.149,,,,,,,0.6744827586206896,,,13,1875,,,1.2974951998330653,,,,detector,,,4000,,,,,patchtst,150786,0.5105716523101018,,0.9933976637887253,0.9933976637887247,backbone_compare_fold1.json,0.07680945347119641,,,156,1956
0.58325,,,,,,0.122,,,,,,,0.6937350725702738,,,81,1586,,,1.0802869009785354,,,,detector,,,4000,,,,,transformer,158722,0.5434657455382844,,0.9588623666835957,0.9588623666835953,backbone_compare_fold1.json,0.21910388970950262,,,445,1888
0.805,,0.0,modern_tcn,,,,0.02052889981354955,0.7335694608421881,0.06735531852114944,0.0,0.392,1401.0,0.7540983606557377,0.1,0.1,134,61,43.58614056919968,24.856952663511038,,12.781555198001259,,0.3094688221709007,agentic,,,,80,80,392,160,modern_tcn+agentic,,0.8305555555555556,,0.6905311778290993,0.6905311778290977,backbone_compare_fold1.json,0.8924162257495575,0.55,0.15526315789473683,506,299
0.766,,0.0,tcn,,,,-0.001370608011602048,0.7146059021292491,0.06968567822244949,0.0,0.477,1512.0,0.7132352941176471,0.175,0.175,142,92,44.7996273313198,28.64087826141622,,13.903357599190585,,0.3279445727482679,agentic,,,,80,80,477,160,tcn+agentic,,0.7597911227154047,,0.6720554272517321,0.6720554272517305,backbone_compare_fold1.json,0.8377425044091695,0.5921052631578948,0.13421052631578947,475,291
0.791,,0.0,cnn_lstm_attn,,,,0.03436535068045665,0.7129139721732314,0.0706720723323524,0.0,0.376,1325.0,0.747279322853688,0.14375,0.14375,124,85,44.797111160500826,25.31817947619129,,13.58087448692785,,0.2863741339491917,agentic,,,,80,80,376,160,cnn_lstm_attn+agentic,,0.7842639593908629,,0.7136258660508084,0.7136258660508066,backbone_compare_fold1.json,0.8500881834215153,0.55,0.19736842105263158,482,309
0.58325,,,,,,0.15799999999999997,,,,,,,0.7024808138497234,,,12,1655,,,5.4268272197805345,,,,detector,,,4000,,,,,cnn_lstm_attn,564930,0.5431962462048027,,0.9939393939393939,0.9939393939393935,backbone_compare_fold2.json,0.1806930693069306,,,365,1968
0.645,,0.33246753246753247,cnn_lstm_attn,,,,-0.009308817306940331,0.7024808138497234,0.09926604001596567,0.33246753246753247,0.483,697.0,0.693171996542783,0.7,0.7,38,317,21921.540453546782,10593.760191033709,,10.940332631751664,,0.08656036446469248,agentic,,,,80,80,483,160,cnn_lstm_attn+agentic,,0.5584958217270195,,0.9134396355353075,0.9134396355353054,backbone_compare_fold2.json,0.43493761140819887,0.55,0.15526315789473683,244,401
0.61,,,,,,0.113,,,,,,,0.7154323239693543,,,18,1542,,,3.0056390003301203,,,,detector,,,4000,,,,,cnn_lstm_attn,564930,0.5598058806737083,,0.9909044972208186,0.9909044972208182,backbone_compare_fold3.json,0.23701138050470053,,,479,1961
0.69,,0.4425531914893617,cnn_lstm_attn,,,,-0.0008835210227613466,0.7154323239693543,0.0414181080572307,0.4425531914893617,0.556,688.0,0.714548802946593,0.53125,0.53125,42,268,8263.681529351534,4598.653875295073,,9.114740936081386,,0.09767441860465116,agentic,,,,80,80,556,160,cnn_lstm_attn+agentic,,0.5914634146341463,,0.9023255813953488,0.9023255813953467,backbone_compare_fold3.json,0.5298245614035079,0.5921052631578948,0.09210526315789475,302,388
0.579,,,,,,0.086,,,,,,,0.6954792043399638,,,59,1625,,,3.1631322391331196,,,,detector,,,4000,,,,,cnn_lstm_attn,564930,0.5419954904171365,,0.9702320887991928,0.9702320887991923,backbone_compare_fold4.json,0.1947472745292368,,,393,1923
0.627,,0.4172043010752688,cnn_lstm_attn,,,,-0.017308367411577263,0.6954792043399638,0.08222047213651239,0.4172043010752688,0.552,742.0,0.6781708369283865,0.5875,0.5875,41,332,8359.63370791844,4618.708337617572,,9.353863496861388,,0.0944700460829493,agentic,,,,80,80,552,160,cnn_lstm_attn+agentic,,0.5420689655172414,,0.9055299539170507,0.9055299539170486,backbone_compare_fold4.json,0.4134275618374551,0.55,0.05,234,393
0.38666666666666666,,0.041666666666666664,,heuristic,,,,,0.11149462223052976,0.041666666666666664,1.0,920.0,0.041666666666666664,0.0,0.0,92,0,55.59095216759791,55.59095216759791,,0.0,,0.9787234042553191,,,heuristic,150,3,1,150,4,heuristic,,1.0,,0.02127659574468085,0.021276595744680625,llm_compare_fold0.json,0.9999999999999821,,,56,2
0.9466666666666667,0.3333333333333333,0.9591836734693877,,ollama,,,,,0.11149462223052976,0.9591836734693877,1.0,8.0,0.9591836734693877,0.25,0.25,0,8,20789.48347851013,20789.48347851013,,0.0,,0.0,,,mistral:latest,150,3,1,150,4,mistral:latest,,0.9215686274509803,,1.0,0.9999999999999895,llm_compare_fold0.json,0.8571428571428418,,,48,94
0.7,0.08666666666666667,0.8068669527896996,,ollama,,,,,0.11149462223052976,0.8068669527896996,1.0,45.0,0.8068669527896996,0.75,0.75,0,45,12633.309378996491,12633.309378996491,,0.0,,0.0,,,qwen2.5-coder:7b-instruct,150,3,1,150,4,qwen2.5-coder:7b-instruct,,0.6762589928057554,,1.0,0.9999999999999895,llm_compare_fold0.json,0.19642857142856793,,,11,94
0.32,,0.10526315789473684,,heuristic,,,,,0.07158162454764048,0.10526315789473684,1.0,1020.0,0.10526315789473684,0.0,0.0,102,0,58.47023762141665,58.47023762141665,,0.0,,0.9444444444444444,,,heuristic,150,0,0,150,0,heuristic,,1.0,,0.05555555555555555,0.055555555555555046,llm_compare_fold1.json,0.9999999999999761,,,42,6
0.9666666666666667,0.2866666666666667,0.9773755656108597,,ollama,,,,,0.07158162454764048,0.9773755656108597,1.0,5.0,0.9773755656108597,0.0,0.0,0,5,16529.748376251664,16529.748376251664,,0.0,,0.0,,,mistral:latest,150,0,0,150,0,mistral:latest,,0.9557522123893806,,1.0,0.9999999999999908,llm_compare_fold1.json,0.88095238095236,,,37,108
0.7933333333333333,0.11333333333333333,0.8744939271255061,,ollama,,,,,0.07158162454764048,0.8744939271255061,1.0,31.0,0.8744939271255061,0.0,0.0,0,31,12545.511795540806,12545.511795540806,,0.0,,0.0,,,qwen2.5-coder:7b-instruct,150,0,0,150,0,qwen2.5-coder:7b-instruct,,0.7769784172661871,,1.0,0.9999999999999908,llm_compare_fold1.json,0.26190476190475565,,,11,108
0.3466666666666667,,0.0,,heuristic,,,,,0.10638966639836629,0.0,1.0,971.0,0.0,0.0,0.0,97,1,46.57363406692942,46.57363406692942,,0.0,,1.0,,,heuristic,150,1,2,150,3,heuristic,,0.0,,0.0,0.0,llm_compare_fold2.json,0.9811320754716796,,,52,0
0.9666666666666667,0.32666666666666666,0.9748743718592965,,ollama,,,,,0.10638966639836629,0.9748743718592965,1.0,5.0,0.9748743718592965,0.0,0.0,0,5,21810.580203413654,21810.580203413654,,0.0,,0.0,,,mistral:latest,150,1,2,150,3,mistral:latest,,0.9509803921568627,,1.0,0.9999999999999898,llm_compare_fold2.json,0.9056603773584735,,,48,97
0.7133333333333334,0.07333333333333333,0.8185654008438819,,ollama,,,,,0.10638966639836629,0.8185654008438819,1.0,43.0,0.8185654008438819,1.0,1.0,0,43,7013.95921619609,7013.95921619609,,0.0,,0.0,,,qwen2.5-coder:7b-instruct,150,1,2,150,3,qwen2.5-coder:7b-instruct,,0.6928571428571428,,1.0,0.9999999999999898,llm_compare_fold2.json,0.1886792452830153,,,10,97
0.38666666666666666,,0.02127659574468085,,heuristic,,,,,0.06369469225406649,0.02127659574468085,1.0,920.0,0.02127659574468085,0.0,0.0,92,0,48.314165083381035,48.314165083381035,,0.0,,0.989247311827957,,,heuristic,150,3,0,150,3,heuristic,,1.0,,0.010752688172043012,0.010752688172042895,llm_compare_fold3.json,0.9999999999999825,,,57,1
0.98,0.36666666666666664,0.9841269841269841,,ollama,,,,,0.06369469225406649,0.9841269841269841,1.0,3.0,0.9841269841269841,0.0,0.0,0,3,10478.381606987678,10478.381606987678,,0.0,,0.0,,,mistral:latest,150,3,0,150,3,mistral:latest,,0.96875,,1.0,0.9999999999999893,llm_compare_fold3.json,0.9473684210526149,,,54,93
0.6933333333333334,0.08,0.8017241379310345,,ollama,,,,,0.06369469225406649,0.8017241379310345,1.0,46.0,0.8017241379310345,0.6666666666666666,0.6666666666666666,0,46,6959.523008104879,6959.523008104879,,0.0,,0.0,,,qwen2.5-coder:7b-instruct,150,3,0,150,3,qwen2.5-coder:7b-instruct,,0.6690647482014388,,1.0,0.9999999999999893,llm_compare_fold3.json,0.19298245614034748,,,11,93
0.34,,0.0,,heuristic,,,,,0.12059727986653648,0.0,1.0,981.0,0.0,0.16666666666666666,0.16666666666666666,98,1,51.001209459888436,51.001209459888436,,0.0,,1.0,,,heuristic,150,6,0,150,6,heuristic,,0.0,,0.0,0.0,llm_compare_fold4.json,0.9807692307692119,,,51,0
0.9533333333333334,0.30666666666666664,0.9655172413793104,,ollama,,,,,0.12059727986653648,0.9655172413793104,1.0,7.0,0.9655172413793104,0.16666666666666666,0.16666666666666666,0,7,12172.36424924573,12172.36424924573,,0.0,,0.0,,,mistral:latest,150,6,0,150,6,mistral:latest,,0.9333333333333333,,1.0,0.9999999999999899,llm_compare_fold4.json,0.8653846153845988,,,45,98
0.7,0.05333333333333334,0.8132780082987552,,ollama,,,,,0.12059727986653648,0.8132780082987552,1.0,45.0,0.8132780082987552,1.0,1.0,0,45,7954.430875926434,7954.430875926434,,0.0,,0.0,,,qwen2.5-coder:7b-instruct,150,6,0,150,6,qwen2.5-coder:7b-instruct,,0.6853146853146853,,1.0,0.9999999999999899,llm_compare_fold4.json,0.13461538461538203,,,7,98
0.804,,,,,,,,,,,,,0.7736720554272517,,,94,102,,,,,,,,,,1000,,,,,cnn_lstm_attn,,0.7665903890160183,,0.7808857808857809,0.780885780885779,fold0/ablation_fold0.json,0.8213660245183874,,,469,335
0.804,,0.0,,,,,,,0.0890850057974458,0.0,0.0,1042.0,0.7736720554272517,0.19375,0.19375,94,102,0.0,6.909645652864128,,6.909645652864128,1000,0.2191142191142191,,,,,80,80,0,160,tier1_only,,0.7665903890160183,fast_1000_no_gate_llm,0.7808857808857809,0.780885780885779,fold0/ablation_fold0.json,0.8213660245183874,,,469,335
0.804,,0.2,,,,,,,0.0890850057974458,0.2,0.443,1042.0,0.7736720554272517,0.19375,0.19375,94,102,6.807121282924832,6.80702606018167,,6.8069503264739115,1000,0.2191142191142191,,,,,80,80,443,160,gate_only,,0.7665903890160183,fast_1000_no_gate_llm,0.7808857808857809,0.780885780885779,fold0/ablation_fold0.json,0.8213660245183874,,,469,335
0.807,,0.0380952380952381,,,,,,,0.0890850057974458,0.0380952380952381,0.443,1138.0,0.7705112960760999,0.16875,0.16875,105,88,50.02149443944147,26.71831706876401,,8.18455122458068,1000,0.24475524475524477,,,,,80,80,443,160,gate_knn,,0.7864077669902912,fast_1000_no_gate_llm,0.7552447552447552,0.7552447552447534,fold0/ablation_fold0.json,0.845884413309981,,,483,324
0.898,,0.9528301886792453,,,,,,,0.0890850057974458,0.9528301886792453,0.443,156.0,0.8924050632911392,0.175,0.175,6,96,11480.902034923083,5090.869043930201,,8.670453248249578,1000,0.013986013986013986,,,,,80,80,443,160,gate_knn_llm,,0.815028901734104,fast_1000_no_gate_llm,0.986013986013986,0.9860139860139837,fold0/ablation_fold0.json,0.8318739054290704,,,475,423
0.7915,,,,,,,,,,,,,0.7876782077393075,,,418,416,,,,,,,,,,4000,,,,,cnn_lstm_attn,,0.7880794701986755,,0.7872773536895674,0.7872773536895671,fold0/ablation_fold0_full4000.json,0.7955773955773953,,,1619,1547
0.7915,,0.0,,,,,,,0.05052151830308139,0.0,0.0,4596.0,0.7876782077393075,0.21875,0.21875,418,416,0.0,14.220447624597,,14.220447624597,,0.21272264631043258,,,,,80,80,0,160,tier1_only,,0.7880794701986755,,0.7872773536895674,0.7872773536895671,fold0/ablation_fold0_full4000.json,0.7955773955773953,,,1619,1547
0.7915,,0.17495711835334476,,,,,,,0.05052151830308139,0.17495711835334476,0.40525,4596.0,0.7876782077393075,0.21875,0.21875,418,416,14.265168542392841,14.237519863323541,,14.218680641477667,,0.21272264631043258,,,,,80,80,1621,160,gate_only,,0.7880794701986755,,0.7872773536895674,0.7872773536895671,fold0/ablation_fold0_full4000.json,0.7955773955773953,,,1619,1547
0.79875,,0.02586206896551724,,,,,,,0.05052151830308139,0.02586206896551724,0.40525,4972.0,0.7886584405355737,0.1875,0.1875,463,342,67.3060559398046,35.397189794370206,,13.655167086615206,,0.2356234096692112,,,,,80,80,1621,160,gate_knn,,0.8145336225596529,,0.7643765903307888,0.7643765903307884,fold0/ablation_fold0_full4000.json,0.8319410319410315,,,1693,1502
0.7125,,0.4453723034098817,,,,,,,0.05052151830308139,0.4453723034098817,0.40525,2491.0,0.7595148473442075,0.625,0.625,149,1001,33377.528226080474,13533.147991993465,,11.609379359990353,,0.07582697201017811,,,,,80,80,1621,160,gate_llm,,0.6446574369897053,,0.9241730279898219,0.9241730279898215,fold0/ablation_fold0_full4000.json,0.5081081081081079,,,1034,1816
0.90025,,0.9519832985386222,,,,,,,0.05052151830308139,0.9519832985386222,0.40525,516.0,0.907273994887288,0.2125,0.2125,13,386,48569.981072401664,19689.640936877342,,11.191437219963662,,0.0066157760814249365,,,,,80,80,1621,160,gate_knn_llm,,0.834901625320787,,0.9933842239185751,0.9933842239185746,fold0/ablation_fold0_full4000.json,0.8103194103194099,,,1649,1952
0.898,,0.9528301886792453,,ollama,gate_knn_llm,,,,0.0890850057974458,0.9528301886792453,0.443,156.0,0.8924050632911392,0.175,0.175,6,96,12807.761530125405,5678.8280094166985,,8.958081815339947,,0.013986013986013986,,cnn_lstm_attn,,1000,80,80,443,160,agentic_fold0,,0.815028901734104,,0.986013986013986,0.9860139860139837,fold0/agentic_fold0.json,0.8318739054290704,0.55,0.15526315789473683,475,423
0.625,,,,,,0.15799999999999997,,,,,,,0.7207743857036486,,,29,1471,,,0.2583973412401974,,,,detector,,,4000,,,,,cnn1d,43330,0.5682418550044027,,0.9852417302798983,0.9852417302798978,fold0/backbone_compare_fold0.json,0.27714987714987704,,,564,1936
0.5845,,,,,,0.14,,,,,,,0.6997832369942196,,,28,1634,,,2.407637380529195,,,,detector,,,4000,,,,,lstm,201986,0.5424250910109213,,0.9857506361323155,0.9857506361323151,fold0/backbone_compare_fold0.json,0.19705159705159697,,,401,1937
0.568,,,,,,0.068,,,,,,,0.6936170212765957,,,9,1719,,,1.010159458965063,,,,detector,,,4000,,,,,cnn_lstm,86914,0.5322448979591837,,0.9954198473282443,0.9954198473282438,fold0/backbone_compare_fold0.json,0.15528255528255522,,,316,1956
0.5995,,,,,,0.131,,,,,,,0.7096774193548387,,,7,1595,,,5.812136540189385,,,,detector,,,4000,,,,,cnn_lstm_attn,564930,0.5510835913312694,,0.9964376590330789,0.9964376590330785,fold0/backbone_compare_fold0.json,0.21621621621621612,,,440,1958
0.63525,,,,,,0.16699999999999998,,,,,,,0.72683018161393,,,24,1435,,,5.326743240002543,,,,detector,,,4000,,,,,tcn,89282,0.5749407582938388,,0.9877862595419847,0.9877862595419843,fold0/backbone_compare_fold0.json,0.2948402948402947,,,600,1941
0.6525,,,,,,0.149,,,,,,,0.7368421052631579,,,19,1371,,,1.856506960466504,,,,detector,,,4000,,,,,modern_tcn,30314,0.5866747060596925,,0.9903307888040712,0.9903307888040708,fold0/backbone_compare_fold0.json,0.32628992628992615,,,664,1946
0.57525,,,,,,0.15799999999999997,,,,,,,0.6946990116801438,,,32,1667,,,1.6099708992987871,,,,detector,,,4000,,,,,tsmixer,224562,0.5369444444444444,,0.9837150127226463,0.9837150127226458,fold0/backbone_compare_fold0.json,0.18083538083538075,,,368,1933
0.5155,,,,,,0.194,,,,,,,0.6689443115818244,,,7,1931,,,0.890078719239682,,,,detector,,,4000,,,,,patchtst,150786,0.5034713293905888,,0.9964376590330789,0.9964376590330785,fold0/backbone_compare_fold0.json,0.05110565110565108,,,104,1958
0.53525,,,,,,0.077,,,,,,,0.6775368603642671,,,12,1847,,,1.124172038398683,,,,detector,,,4000,,,,,transformer,158722,0.5139473684210526,,0.9938931297709923,0.9938931297709919,fold0/backbone_compare_fold0.json,0.09238329238329235,,,188,1953
0.818,,0.018018018018018018,modern_tcn,,,,0.05054107230693561,0.7368421052631579,0.053157481351867326,0.018018018018018018,0.448,1154.0,0.7873831775700935,0.13125,0.13125,108,74,61.2834639175292,34.522199690924026,,12.802912782374904,,0.24269662921348314,agentic,,,,80,80,448,160,modern_tcn+agentic,,0.8199513381995134,,0.7573033707865169,0.7573033707865151,fold0/backbone_compare_fold0.json,0.866666666666665,0.55,0.11315789473684211,481,337
0.788,,0.031496062992125984,tcn,,,,0.026658190479093236,0.72683018161393,0.061461975765763795,0.031496062992125984,0.472,1301.0,0.7534883720930232,0.18125,0.18125,121,91,61.35911342388974,36.17917365732137,,13.669833562964799,,0.27191011235955054,agentic,,,,80,80,472,160,tcn+agentic,,0.7807228915662651,,0.7280898876404495,0.7280898876404478,fold0/backbone_compare_fold0.json,0.8360360360360345,0.55,0.13421052631578947,464,324
0.785,,0.03278688524590164,cnn1d,,,,0.030094675710024665,0.7207743857036486,0.050805030093062635,0.03278688524590164,0.487,1304.0,0.7508690614136733,0.175,0.175,121,94,59.38708269849106,35.13154679490253,,12.105336297733698,,0.27191011235955054,agentic,,,,80,80,487,160,cnn1d+agentic,,0.7751196172248804,,0.7280898876404495,0.7280898876404478,fold0/backbone_compare_fold0.json,0.8306306306306291,0.55,0.11315789473684211,461,324
0.38666666666666666,,0.041666666666666664,,heuristic,,,,,0.11149462223052976,0.041666666666666664,1.0,920.0,0.041666666666666664,0.0,0.0,92,0,55.59095216759791,55.59095216759791,,0.0,,0.9787234042553191,,,heuristic,150,3,1,150,4,heuristic,,1.0,,0.02127659574468085,0.021276595744680625,fold0/llm_compare_fold0.json,0.9999999999999821,,,56,2
0.9466666666666667,0.3333333333333333,0.9591836734693877,,ollama,,,,,0.11149462223052976,0.9591836734693877,1.0,8.0,0.9591836734693877,0.25,0.25,0,8,20789.48347851013,20789.48347851013,,0.0,,0.0,,,mistral:latest,150,3,1,150,4,mistral:latest,,0.9215686274509803,,1.0,0.9999999999999895,fold0/llm_compare_fold0.json,0.8571428571428418,,,48,94
0.7,0.08666666666666667,0.8068669527896996,,ollama,,,,,0.11149462223052976,0.8068669527896996,1.0,45.0,0.8068669527896996,0.75,0.75,0,45,12633.309378996491,12633.309378996491,,0.0,,0.0,,,qwen2.5-coder:7b-instruct,150,3,1,150,4,qwen2.5-coder:7b-instruct,,0.6762589928057554,,1.0,0.9999999999999895,fold0/llm_compare_fold0.json,0.19642857142856793,,,11,94
0.767,,,,,,,,,,,,,0.7373167981961668,,,110,123,,,,,,,,,,1000,,,,,cnn_lstm_attn,,0.7266666666666667,,0.7482837528604119,0.7482837528604102,fold1/ablation_fold1.json,0.7815275310834799,,,440,327
0.767,,0.0,,,,,,,0.07803921498358252,0.0,0.0,1223.0,0.7373167981961668,0.25,0.25,110,123,0.0,6.264279167051427,,6.264279167051427,1000,0.2517162471395881,,,,,80,80,0,160,tier1_only,,0.7266666666666667,fast_1000_no_gate_llm,0.7482837528604119,0.7482837528604102,fold1/ablation_fold1.json,0.7815275310834799,,,440,327
0.767,,0.23357664233576642,,,,,,,0.07803921498358252,0.23357664233576642,0.349,1223.0,0.7373167981961668,0.25,0.25,110,123,6.307948757640825,6.310751935467124,,6.312254714363251,1000,0.2517162471395881,,,,,80,80,349,160,gate_only,,0.7266666666666667,fast_1000_no_gate_llm,0.7482837528604119,0.7482837528604102,fold1/ablation_fold1.json,0.7815275310834799,,,440,327
0.785,,0.02247191011235955,,,,,,,0.07803921498358252,0.02247191011235955,0.349,1340.0,0.7437425506555423,0.15625,0.15625,125,90,43.80391647686974,19.6133706883993,,6.6448599661624606,1000,0.28604118993135014,,,,,80,80,349,160,gate_knn,,0.7761194029850746,fast_1000_no_gate_llm,0.7139588100686499,0.7139588100686483,fold1/ablation_fold1.json,0.8401420959147409,,,473,312
0.861,,0.9405405405405406,,,,,,,0.07803921498358252,0.9405405405405406,0.349,490.0,0.8513368983957219,0.15,0.15,39,100,10697.848370818443,3738.6562034428352,,7.845041516434384,1000,0.08924485125858124,,,,,80,80,349,160,gate_knn_llm,,0.7991967871485943,fast_1000_no_gate_llm,0.9107551487414187,0.9107551487414166,fold1/ablation_fold1.json,0.8223801065719346,,,463,398
0.7675,,,,,,,,,,,,,0.7553918990005261,,,533,397,,,,,,,,,,4000,,,,,cnn_lstm_attn,,0.7834151663938898,,0.7293042153377349,0.7293042153377346,fold1/ablation_fold1_full4000.json,0.8045297882816344,,,1634,1436
0.7675,,0.0,,,,,,,0.054960789877921364,0.0,0.0,5727.0,0.7553918990005261,0.19375,0.19375,533,397,0.0,13.354314390569925,,13.354314390569925,,0.2706957846622651,,,,,80,80,0,160,tier1_only,,0.7834151663938898,,0.7293042153377349,0.7293042153377346,fold1/ablation_fold1_full4000.json,0.8045297882816344,,,1634,1436
0.7675,,0.2440677966101695,,,,,,,0.054960789877921364,0.2440677966101695,0.34125,5727.0,0.7553918990005261,0.19375,0.19375,533,397,13.317331680840379,13.334769846696872,,13.343803279863518,,0.2706957846622651,,,,,80,80,1365,160,gate_only,,0.7834151663938898,,0.7293042153377349,0.7293042153377346,fold1/ablation_fold1_full4000.json,0.8045297882816344,,,1634,1436
0.77275,,0.022988505747126436,,,,,,,0.054960789877921364,0.022988505747126436,0.34125,6309.0,0.7507540444200713,0.1375,0.1375,600,309,64.31741319646233,30.533951022167457,,13.033220142504268,,0.3047232097511427,,,,,80,80,1365,160,gate_knn,,0.8158522050059595,,0.6952767902488572,0.6952767902488569,fold1/ablation_fold1_full4000.json,0.8478581979320527,,,1722,1369
0.70525,,0.47467876039304613,,,,,,,0.054960789877921364,0.47467876039304613,0.34125,3798.0,0.7400220507166483,0.51875,0.51875,291,888,16256.981729960748,5556.288096921461,,13.044526106041753,,0.14779075672930422,,,,,80,80,1365,160,gate_llm,,0.6539360872954014,,0.8522092432706958,0.8522092432706954,fold1/ablation_fold1_full4000.json,0.5627769571639584,,,1143,1678
0.871,,0.963963963963964,,,,,,,0.054960789877921364,0.963963963963964,0.34125,2109.0,0.8741463414634146,0.13125,0.13125,177,339,17163.24497927006,5863.92043874663,,10.570154946069437,,0.0898933468765871,,,,,80,80,1365,160,gate_knn_llm,,0.8409197559831065,,0.9101066531234129,0.9101066531234124,fold1/ablation_fold1_full4000.json,0.833087149187592,,,1692,1792
0.86,,0.9354838709677419,,ollama,gate_knn_llm,,,,0.07803921498358252,0.9354838709677419,0.349,491.0,0.8504273504273504,0.15625,0.15625,39,101,10662.714286217997,3726.5543305911124,,8.090698465486035,,0.08924485125858124,,cnn_lstm_attn,,1000,80,80,349,160,agentic_fold1,,0.7975951903807615,,0.9107551487414187,0.9107551487414166,fold1/agentic_fold1.json,0.8206039076376539,0.55,0.19736842105263158,462,398
0.617,,,,,,0.15799999999999997,,,,,,,0.7110524330441342,,,84,1448,,,0.35000815987586975,,,,detector,,,4000,,,,,cnn1d,43330,0.5655565556555655,,0.95733875063484,0.9573387506348395,fold1/backbone_compare_fold1.json,0.28705071393402254,,,583,1885
0.61175,,,,,,0.113,,,,,,,0.7062606393039531,,,102,1451,,,2.0629437593743205,,,,detector,,,4000,,,,,lstm,201986,0.5626883664858349,,0.9481970543423057,0.9481970543423053,fold1/backbone_compare_fold1.json,0.28557360905957646,,,580,1867
0.598,,,,,,0.095,,,,,,,0.701669758812616,,,78,1530,,,0.9850024618208408,,,,detector,,,4000,,,,,cnn_lstm,86914,0.552762350190003,,0.9603859827323514,0.960385982732351,fold1/backbone_compare_fold1.json,0.24667651403249619,,,501,1891
0.63375,,,,,,0.176,,,,,,,0.7129139721732314,,,150,1315,,,5.645264461636543,,,,detector,,,4000,,,,,cnn_lstm_attn,564930,0.5804084237396299,,0.9238191975622143,0.9238191975622139,fold1/backbone_compare_fold1.json,0.3525356967011323,,,716,1819
0.618,,,,,,0.14,,,,,,,0.7146059021292491,,,56,1472,,,6.012773441616446,,,,detector,,,4000,,,,,tcn,89282,0.5651403249630724,,0.9715591670898933,0.9715591670898929,fold1/backbone_compare_fold1.json,0.27523387493845386,,,559,1913
0.6615,,,,,,0.14,,,,,,,0.7335694608421881,,,105,1249,,,1.8437520996667445,,,,detector,,,4000,,,,,modern_tcn,30314,0.5987793125602313,,0.94667343829355,0.9466734382935496,fold1/backbone_compare_fold1.json,0.38503200393894615,,,782,1864
0.563,,,,,,0.104,,,,,,,0.6891891891891891,,,31,1717,,,1.7316676606424153,,,,detector,,,4000,,,,,tsmixer,224562,0.5302325581395348,,0.9842559674961909,0.9842559674961905,fold1/backbone_compare_fold1.json,0.1546036435253569,,,314,1938
0.528,,,,,,0.149,,,,,,,0.6744827586206896,,,13,1875,,,1.2974951998330653,,,,detector,,,4000,,,,,patchtst,150786,0.5105716523101018,,0.9933976637887253,0.9933976637887247,fold1/backbone_compare_fold1.json,0.07680945347119641,,,156,1956
0.58325,,,,,,0.122,,,,,,,0.6937350725702738,,,81,1586,,,1.0802869009785354,,,,detector,,,4000,,,,,transformer,158722,0.5434657455382844,,0.9588623666835957,0.9588623666835953,fold1/backbone_compare_fold1.json,0.21910388970950262,,,445,1888
0.805,,0.0,modern_tcn,,,,0.02052889981354955,0.7335694608421881,0.06735531852114944,0.0,0.392,1401.0,0.7540983606557377,0.1,0.1,134,61,43.58614056919968,24.856952663511038,,12.781555198001259,,0.3094688221709007,agentic,,,,80,80,392,160,modern_tcn+agentic,,0.8305555555555556,,0.6905311778290993,0.6905311778290977,fold1/backbone_compare_fold1.json,0.8924162257495575,0.55,0.15526315789473683,506,299
0.766,,0.0,tcn,,,,-0.001370608011602048,0.7146059021292491,0.06968567822244949,0.0,0.477,1512.0,0.7132352941176471,0.175,0.175,142,92,44.7996273313198,28.64087826141622,,13.903357599190585,,0.3279445727482679,agentic,,,,80,80,477,160,tcn+agentic,,0.7597911227154047,,0.6720554272517321,0.6720554272517305,fold1/backbone_compare_fold1.json,0.8377425044091695,0.5921052631578948,0.13421052631578947,475,291
0.791,,0.0,cnn_lstm_attn,,,,0.03436535068045665,0.7129139721732314,0.0706720723323524,0.0,0.376,1325.0,0.747279322853688,0.14375,0.14375,124,85,44.797111160500826,25.31817947619129,,13.58087448692785,,0.2863741339491917,agentic,,,,80,80,376,160,cnn_lstm_attn+agentic,,0.7842639593908629,,0.7136258660508084,0.7136258660508066,fold1/backbone_compare_fold1.json,0.8500881834215153,0.55,0.19736842105263158,482,309
0.32,,0.10526315789473684,,heuristic,,,,,0.07158162454764048,0.10526315789473684,1.0,1020.0,0.10526315789473684,0.0,0.0,102,0,58.47023762141665,58.47023762141665,,0.0,,0.9444444444444444,,,heuristic,150,0,0,150,0,heuristic,,1.0,,0.05555555555555555,0.055555555555555046,fold1/llm_compare_fold1.json,0.9999999999999761,,,42,6
0.9666666666666667,0.2866666666666667,0.9773755656108597,,ollama,,,,,0.07158162454764048,0.9773755656108597,1.0,5.0,0.9773755656108597,0.0,0.0,0,5,16529.748376251664,16529.748376251664,,0.0,,0.0,,,mistral:latest,150,0,0,150,0,mistral:latest,,0.9557522123893806,,1.0,0.9999999999999908,fold1/llm_compare_fold1.json,0.88095238095236,,,37,108
0.7933333333333333,0.11333333333333333,0.8744939271255061,,ollama,,,,,0.07158162454764048,0.8744939271255061,1.0,31.0,0.8744939271255061,0.0,0.0,0,31,12545.511795540806,12545.511795540806,,0.0,,0.0,,,qwen2.5-coder:7b-instruct,150,0,0,150,0,qwen2.5-coder:7b-instruct,,0.7769784172661871,,1.0,0.9999999999999908,fold1/llm_compare_fold1.json,0.26190476190475565,,,11,108
0.78,,,,,,,,,,,,,0.755011135857461,,,94,126,,,,,,,,,,1000,,,,,cnn_lstm_attn,,0.7290322580645161,,0.7829099307159353,0.7829099307159335,fold2/ablation_fold2.json,0.7777777777777763,,,441,339
0.78,,0.0,,,,,,,0.09634639043360949,0.0,0.0,1066.0,0.755011135857461,0.2125,0.2125,94,126,0.0,8.649788253824227,,8.649788253824227,1000,0.21709006928406466,,,,,80,80,0,160,tier1_only,,0.7290322580645161,fast_1000_no_gate_llm,0.7829099307159353,0.7829099307159335,fold2/ablation_fold2.json,0.7777777777777763,,,441,339
0.78,,0.24285714285714285,,,,,,,0.09634639043360949,0.24285714285714285,0.46,1066.0,0.755011135857461,0.2125,0.2125,94,126,8.544377918587998,8.65966358827427,,8.757869899488503,1000,0.21709006928406466,,,,,80,80,460,160,gate_only,,0.7290322580645161,fast_1000_no_gate_llm,0.7829099307159353,0.7829099307159335,fold2/ablation_fold2.json,0.7777777777777763,,,441,339
0.776,,0.017857142857142856,,,,,,,0.09634639043360949,0.017857142857142856,0.46,1214.0,0.7425287356321839,0.1875,0.1875,110,114,52.11566312658682,28.950712599093094,,9.217606594191036,1000,0.2540415704387991,,,,,80,80,460,160,gate_knn,,0.7391304347826086,fast_1000_no_gate_llm,0.745958429561201,0.7459584295611992,fold2/ablation_fold2.json,0.7989417989417975,,,453,323
0.875,,0.9523809523809523,,,,,,,0.09634639043360949,0.9523809523809523,0.46,134.0,0.8736097067745198,0.2,0.2,1,124,27530.53898162274,12669.351750037053,,9.821886093683403,1000,0.0023094688221709007,,,,,80,80,460,160,gate_knn_llm,,0.7769784172661871,fast_1000_no_gate_llm,0.9976905311778291,0.9976905311778267,fold2/ablation_fold2.json,0.7813051146384465,,,443,432
0.875,,0.9523809523809523,,ollama,gate_knn_llm,,,,0.09634639043360949,0.9523809523809523,0.46,134.0,0.8736097067745198,0.2,0.2,1,124,22850.688175236774,10515.918739352956,,8.5225532297045,,0.0023094688221709007,,cnn_lstm_attn,,1000,80,80,460,160,agentic_fold2,,0.7769784172661871,,0.9976905311778291,0.9976905311778267,fold2/agentic_fold2.json,0.7813051146384465,0.55,0.15526315789473683,443,432
0.58325,,,,,,0.15799999999999997,,,,,,,0.7024808138497234,,,12,1655,,,5.4268272197805345,,,,detector,,,4000,,,,,cnn_lstm_attn,564930,0.5431962462048027,,0.9939393939393939,0.9939393939393935,fold2/backbone_compare_fold2.json,0.1806930693069306,,,365,1968
0.645,,0.33246753246753247,cnn_lstm_attn,,,,-0.009308817306940331,0.7024808138497234,0.09926604001596567,0.33246753246753247,0.483,697.0,0.693171996542783,0.7,0.7,38,317,21921.540453546782,10593.760191033709,,10.940332631751664,,0.08656036446469248,agentic,,,,80,80,483,160,cnn_lstm_attn+agentic,,0.5584958217270195,,0.9134396355353075,0.9134396355353054,fold2/backbone_compare_fold2.json,0.43493761140819887,0.55,0.15526315789473683,244,401
0.3466666666666667,,0.0,,heuristic,,,,,0.10638966639836629,0.0,1.0,971.0,0.0,0.0,0.0,97,1,46.57363406692942,46.57363406692942,,0.0,,1.0,,,heuristic,150,1,2,150,3,heuristic,,0.0,,0.0,0.0,fold2/llm_compare_fold2.json,0.9811320754716796,,,52,0
0.9666666666666667,0.32666666666666666,0.9748743718592965,,ollama,,,,,0.10638966639836629,0.9748743718592965,1.0,5.0,0.9748743718592965,0.0,0.0,0,5,21810.580203413654,21810.580203413654,,0.0,,0.0,,,mistral:latest,150,1,2,150,3,mistral:latest,,0.9509803921568627,,1.0,0.9999999999999898,fold2/llm_compare_fold2.json,0.9056603773584735,,,48,97
0.7133333333333334,0.07333333333333333,0.8185654008438819,,ollama,,,,,0.10638966639836629,0.8185654008438819,1.0,43.0,0.8185654008438819,1.0,1.0,0,43,7013.95921619609,7013.95921619609,,0.0,,0.0,,,qwen2.5-coder:7b-instruct,150,1,2,150,3,qwen2.5-coder:7b-instruct,,0.6928571428571428,,1.0,0.9999999999999898,fold2/llm_compare_fold2.json,0.1886792452830153,,,10,97
0.805,,,,,,,,,,,,,0.7664670658682635,,,117,78,,,,,,,,,,1000,,,,,cnn_lstm_attn,,0.8040201005025126,,0.7322654462242563,0.7322654462242546,fold3/ablation_fold3.json,0.8614564831261086,,,485,320
0.805,,0.0,,,,,,,0.05398380513489245,0.0,0.0,1248.0,0.7664670658682635,0.1375,0.1375,117,78,0.0,6.25783458724618,,6.25783458724618,1000,0.26773455377574373,,,,,80,80,0,160,tier1_only,,0.8040201005025126,fast_1000_no_gate_llm,0.7322654462242563,0.7322654462242546,fold3/ablation_fold3.json,0.8614564831261086,,,485,320
0.805,,0.3015075376884422,,,,,,,0.05398380513489245,0.3015075376884422,0.544,1248.0,0.7664670658682635,0.1375,0.1375,117,78,6.358635248034261,6.3766020010225475,,6.398036022131381,1000,0.26773455377574373,,,,,80,80,544,160,gate_only,,0.8040201005025126,fast_1000_no_gate_llm,0.7322654462242563,0.7322654462242546,fold3/ablation_fold3.json,0.8614564831261086,,,485,320
0.802,,0.05333333333333334,,,,,,,0.05398380513489245,0.05333333333333334,0.544,1485.0,0.7480916030534351,0.08125,0.08125,143,55,43.274204951183705,26.686145947081968,,6.8968825737676145,1000,0.32723112128146453,,,,,80,80,544,160,gate_knn,,0.8424068767908309,fast_1000_no_gate_llm,0.6727688787185355,0.6727688787185339,fold3/ablation_fold3.json,0.9023090586145632,,,508,294
0.935,,0.9698996655518395,,,,,,,0.05398380513489245,0.9698996655518395,0.544,83.0,0.93048128342246,0.08125,0.08125,2,63,11032.522352053682,6005.503212008625,,8.35757125312005,1000,0.004576659038901602,,,,,80,80,544,160,gate_knn_llm,,0.8734939759036144,fast_1000_no_gate_llm,0.9954233409610984,0.9954233409610961,fold3/ablation_fold3.json,0.8880994671403181,,,500,435
0.936,,0.9731543624161074,,ollama,gate_knn_llm,,,,0.05398380513489245,0.9731543624161074,0.544,82.0,0.9314775160599572,0.08125,0.08125,2,62,10996.354638160163,5985.8273906382965,,8.356288331509731,,0.004576659038901602,,cnn_lstm_attn,,1000,80,80,544,160,agentic_fold3,,0.8752515090543259,,0.9954233409610984,0.9954233409610961,fold3/agentic_fold3.json,0.8898756660745988,0.5921052631578948,0.09210526315789475,501,435
0.61,,,,,,0.113,,,,,,,0.7154323239693543,,,18,1542,,,3.0056390003301203,,,,detector,,,4000,,,,,cnn_lstm_attn,564930,0.5598058806737083,,0.9909044972208186,0.9909044972208182,fold3/backbone_compare_fold3.json,0.23701138050470053,,,479,1961
0.69,,0.4425531914893617,cnn_lstm_attn,,,,-0.0008835210227613466,0.7154323239693543,0.0414181080572307,0.4425531914893617,0.556,688.0,0.714548802946593,0.53125,0.53125,42,268,8263.681529351534,4598.653875295073,,9.114740936081386,,0.09767441860465116,agentic,,,,80,80,556,160,cnn_lstm_attn+agentic,,0.5914634146341463,,0.9023255813953488,0.9023255813953467,fold3/backbone_compare_fold3.json,0.5298245614035079,0.5921052631578948,0.09210526315789475,302,388
0.38666666666666666,,0.02127659574468085,,heuristic,,,,,0.06369469225406649,0.02127659574468085,1.0,920.0,0.02127659574468085,0.0,0.0,92,0,48.314165083381035,48.314165083381035,,0.0,,0.989247311827957,,,heuristic,150,3,0,150,3,heuristic,,1.0,,0.010752688172043012,0.010752688172042895,fold3/llm_compare_fold3.json,0.9999999999999825,,,57,1
0.98,0.36666666666666664,0.9841269841269841,,ollama,,,,,0.06369469225406649,0.9841269841269841,1.0,3.0,0.9841269841269841,0.0,0.0,0,3,10478.381606987678,10478.381606987678,,0.0,,0.0,,,mistral:latest,150,3,0,150,3,mistral:latest,,0.96875,,1.0,0.9999999999999893,fold3/llm_compare_fold3.json,0.9473684210526149,,,54,93
0.6933333333333334,0.08,0.8017241379310345,,ollama,,,,,0.06369469225406649,0.8017241379310345,1.0,46.0,0.8017241379310345,0.6666666666666666,0.6666666666666666,0,46,6959.523008104879,6959.523008104879,,0.0,,0.0,,,qwen2.5-coder:7b-instruct,150,3,0,150,3,qwen2.5-coder:7b-instruct,,0.6690647482014388,,1.0,0.9999999999999893,fold3/llm_compare_fold3.json,0.19298245614034748,,,11,93
0.797,,,,,,,,,,,,,0.7603305785123967,,,108,95,,,,,,,,,,1000,,,,,cnn_lstm_attn,,0.7721822541966427,,0.7488372093023256,0.7488372093023238,fold4/ablation_fold4.json,0.8333333333333318,,,475,322
0.797,,0.0,,,,,,,0.07211900928802786,0.0,0.0,1175.0,0.7603305785123967,0.16875,0.16875,108,95,0.0,6.254744870471768,,6.254744870471768,1000,0.25116279069767444,,,,,80,80,0,160,tier1_only,,0.7721822541966427,fast_1000_no_gate_llm,0.7488372093023256,0.7488372093023238,fold4/ablation_fold4.json,0.8333333333333318,,,475,322
0.797,,0.14492753623188406,,,,,,,0.07211900928802786,0.14492753623188406,0.546,1175.0,0.7603305785123967,0.16875,0.16875,108,95,6.205464845895085,6.20498679461889,,6.2044118695158,1000,0.25116279069767444,,,,,80,80,546,160,gate_only,,0.7721822541966427,fast_1000_no_gate_llm,0.7488372093023256,0.7488372093023238,fold4/ablation_fold4.json,0.8333333333333318,,,475,322
0.8,,0.017094017094017096,,,,,,,0.07211900928802786,0.017094017094017096,0.546,1253.0,0.7578692493946732,0.14375,0.14375,117,83,45.913556103267105,28.36822376528289,,7.267449631936241,1000,0.27209302325581397,,,,,80,80,546,160,gate_knn,,0.7904040404040404,fast_1000_no_gate_llm,0.727906976744186,0.7279069767441844,fold4/ablation_fold4.json,0.8543859649122791,,,487,313
0.891,,0.905511811023622,,,,,,,0.07211900928802786,0.905511811023622,0.546,136.0,0.8868120456905504,0.175,0.175,3,106,10781.452244262795,5890.449420424411,,8.318271050496348,1000,0.0069767441860465115,,,,,80,80,546,160,gate_knn_llm,,0.801125703564728,fast_1000_no_gate_llm,0.9930232558139535,0.9930232558139511,fold4/ablation_fold4.json,0.8140350877192968,,,464,427
0.889,,0.8984375,,ollama,gate_knn_llm,,,,0.07211900928802786,0.8984375,0.546,138.0,0.8849740932642487,0.175,0.175,3,108,10856.435855404532,5931.651945752208,,8.894204187959778,,0.0069767441860465115,,cnn_lstm_attn,,1000,80,80,546,160,agentic_fold4,,0.7981308411214953,,0.9930232558139535,0.9930232558139511,fold4/agentic_fold4.json,0.8105263157894722,0.55,0.05,462,427
0.579,,,,,,0.086,,,,,,,0.6954792043399638,,,59,1625,,,3.1631322391331196,,,,detector,,,4000,,,,,cnn_lstm_attn,564930,0.5419954904171365,,0.9702320887991928,0.9702320887991923,fold4/backbone_compare_fold4.json,0.1947472745292368,,,393,1923
0.627,,0.4172043010752688,cnn_lstm_attn,,,,-0.017308367411577263,0.6954792043399638,0.08222047213651239,0.4172043010752688,0.552,742.0,0.6781708369283865,0.5875,0.5875,41,332,8359.63370791844,4618.708337617572,,9.353863496861388,,0.0944700460829493,agentic,,,,80,80,552,160,cnn_lstm_attn+agentic,,0.5420689655172414,,0.9055299539170507,0.9055299539170486,fold4/backbone_compare_fold4.json,0.4134275618374551,0.55,0.05,234,393
0.34,,0.0,,heuristic,,,,,0.12059727986653648,0.0,1.0,981.0,0.0,0.16666666666666666,0.16666666666666666,98,1,51.001209459888436,51.001209459888436,,0.0,,1.0,,,heuristic,150,6,0,150,6,heuristic,,0.0,,0.0,0.0,fold4/llm_compare_fold4.json,0.9807692307692119,,,51,0
0.9533333333333334,0.30666666666666664,0.9655172413793104,,ollama,,,,,0.12059727986653648,0.9655172413793104,1.0,7.0,0.9655172413793104,0.16666666666666666,0.16666666666666666,0,7,12172.36424924573,12172.36424924573,,0.0,,0.0,,,mistral:latest,150,6,0,150,6,mistral:latest,,0.9333333333333333,,1.0,0.9999999999999899,fold4/llm_compare_fold4.json,0.8653846153845988,,,45,98
0.7,0.05333333333333334,0.8132780082987552,,ollama,,,,,0.12059727986653648,0.8132780082987552,1.0,45.0,0.8132780082987552,1.0,1.0,0,45,7954.430875926434,7954.430875926434,,0.0,,0.0,,,qwen2.5-coder:7b-instruct,150,6,0,150,6,qwen2.5-coder:7b-instruct,,0.6853146853146853,,1.0,0.9999999999999899,fold4/llm_compare_fold4.json,0.13461538461538203,,,7,98
